number,name,status
1,PEP Purpose and Guidelines,Active
714,Rename dist-info-metadata in the Simple API,Accepted
701,Syntactic formalization of f-strings,Accepted
739,,Accepted
699,Remove private dict version field added in PEP 509,Accepted
2,Procedure for Adding New Modules,Active
728,TypedDict with Typed Extra Items,Accepted
691,JSON-based Simple API for Python Package Indexes,Accepted
703,Making the Global Interpreter Lock Optional in CPython,Accepted
668,Marking Python base environments as “externally managed”,Accepted
770,Improving measurability of Python packages with Software Bill-of-Materials,Accepted
753,Uniform project URLs in core metadata,Accepted
8107,2026 Term Steering Council election,Final
458,Secure PyPI downloads with signed repository metadata,Accepted
8015,Organization of the Python community,Rejected
8013,The External Council Governance Model,Rejected
687,Isolating modules in the standard library,Accepted
8012,The Community Governance Model,Rejected
8011,Python Governance Model Lead by Trio of Pythonistas,Rejected
696,Type Defaults for Type Parameters,Final
658,Serve Distribution Metadata in the Simple Repository API,Accepted
8014,The Commons Governance Model,Rejected
3145,Asynchronous I/O For subprocess.Popen,Withdrawn
3146,Merging Unladen Swallow into CPython,Withdrawn
3136,Labeled break and continue,Rejected
3133,Introducing Roles,Rejected
3152,Cofunctions,Rejected
3130,Access to Current Module/Class/Function,Rejected
3153,Asynchronous IO support,Superseded
8010,The Technical Leader Governance Model,Rejected
3128,BList: A Faster List-like Type,Rejected
3139,Cleaning out sys and the “interpreter” module,Rejected
3140,"str(container) should call str(item), not repr(item)",Rejected
3142,Add a “while” clause to generator expressions,Rejected
3125,Remove Backslash Continuation,Rejected
3122,Delineation of the main module,Rejected
775,Make zlib required to build CPython,Withdrawn
769,"Add a ‘default’ keyword argument to ‘attrgetter’, ‘itemgetter’ and ‘getitem’",Rejected
3126,Remove Implicit String Concatenation,Rejected
760,No More Bare Excepts,Withdrawn
763,Limiting deletions on PyPI,Withdrawn
3117,Postfix type declarations,Rejected
3103,A Switch/Case Statement,Rejected
806,Mixed sync/async context managers with precise async marking,Rejected
3001,Procedure for reviewing and improving standard library modules,Withdrawn
2026,Calendar versioning for Python,Rejected
756,Add PyUnicode_Export() and PyUnicode_Import() C functions,Withdrawn
754,IEEE 754 Floating Point Special Values,Rejected
724,Stricter Type Guards,Withdrawn
743,Add Py_OMIT_LEGACY_API to the Python C API,Rejected
726,Module ,Rejected
759,External Wheel Hosting,Withdrawn
713,Callable Modules,Rejected
722,Dependency specification for single-file scripts,Rejected
708,Extending the Repository API to Mitigate Dependency Confusion Attacks,Rejected
727,Documentation in Annotated Metadata,Withdrawn
690,Lazy Imports,Rejected
679,New assert statement syntax with parentheses,Rejected
677,Callable Type Syntax,Rejected
736,Shorthand syntax for keyword arguments at invocation,Rejected
712,Adding a “converter” parameter to dataclasses.field,Rejected
665,A file format to list Python dependencies for reproducibility of an application,Rejected
663,"Standardizing Enum str(), repr(), and format() behaviors",Rejected
662,Editable installs via virtual wheels,Rejected
707,A simplified signature for __exit__ and __aexit__,Rejected
704,Require virtual environments by default for package installers,Withdrawn
648,Extensible customizations of the interpreter at startup,Rejected
645,Allow writing optional types as ,Withdrawn
641,Using an underscore in the version portion of Python 3.10 compatibility tags,Rejected
666,Reject Foolish Indentation,Rejected
651,Robust Stack Overflow Handling,Rejected
633,Dependency specification in pyproject.toml using an exploded TOML table,Rejected
637,Support for indexing with keyword arguments,Rejected
631,Dependency specification in pyproject.toml based on PEP 508,Superseded
650,Specifying Installer Requirements for Python Projects,Withdrawn
622,Structural Pattern Matching,Superseded
608,Coordinated Python release,Rejected
611,The one million limit,Withdrawn
640,Unused variable syntax,Rejected
642,Explicit Pattern Syntax for Structural Pattern Matching,Rejected
606,Python Compatibility Version,Rejected
599,The manylinux2014 Platform Tag,Superseded
598,Introducing incremental feature releases,Withdrawn
582,Python local packages directory,Rejected
620,Hide implementation details from the C API,Withdrawn
580,The C call protocol,Rejected
577,Augmented Assignment Expressions,Withdrawn
601,Forbid return/break/continue breaking out of finally,Rejected
605,A rolling feature release stream for CPython,Rejected
576,Rationalize Built-in function classes,Withdrawn
571,The manylinux2010 Platform Tag,Superseded
583,A Concurrency Memory Model for Python,Withdrawn
563,Postponed Evaluation of Annotations,Superseded
595,Improving bugs.python.org,Withdrawn
555,Context-local variables (contextvars),Withdrawn
554,Multiple Interpreters in the Stdlib,Superseded
575,Unifying function/method classes,Withdrawn
550,Execution Context,Withdrawn
548,More Flexible Loop Control,Rejected
546,Backport ssl.MemoryBIO and ssl.SSLObject to Python 2.7,Rejected
559,Built-in noop(),Rejected
558,Defined semantics for locals(),Withdrawn
542,Dot Notation Assignment In Function Header,Rejected
536,Final Grammar for Literal String Interpolation,Withdrawn
534,Improved Errors for Missing Standard Library Modules,Withdrawn
549,Instance Descriptors,Rejected
551,Security transparency in the Python runtime,Withdrawn
516,Build system abstraction for pip/conda etc,Rejected
521,Managing global context via ‘with’ blocks in generators and coroutines,Withdrawn
513,A Platform Tag for Portable Linux Built Distributions,Superseded
543,A Unified TLS API for Python,Withdrawn
509,Add a private version to dict,Superseded
507,Migrate CPython to Git and GitLab,Rejected
504,Using the System RNG by default,Withdrawn
522,Allow BlockingIOError in security sensitive APIs,Rejected
500,A protocol for delegating datetime methods to their tzinfo implementations,Rejected
501,General purpose template literal strings,Withdrawn
531,Existence checking operators,Withdrawn
510,Specialize functions with guards,Rejected
511,API for code transformers,Rejected
490,Chain exceptions at C level,Rejected
481,"Migrate CPython to Git, Github, and Phabricator",Withdrawn
502,String Interpolation - Extended Discussion,Rejected
469,Migration of dict iteration code to Python 3,Withdrawn
463,Exception-catching expressions,Rejected
497,A standard mechanism for backward compatibility,Rejected
496,Environment Markers,Rejected
459,Standard Metadata Extensions for Python Software Packages,Withdrawn
460,Add binary interpolation and formatting,Withdrawn
474,Creating forge.python.org,Withdrawn
473,Adding structured data to built-in exceptions,Rejected
472,Support for indexing with keyword arguments,Rejected
455,Adding a key-transforming dictionary to collections,Rejected
437,"A DSL for specifying signatures, annotations and argument converters",Rejected
433,Easier suppression of file descriptor inheritance,Superseded
422,Simpler customisation of class creation,Withdrawn
462,Core development workflow automation for CPython,Withdrawn
416,Add a frozendict builtin type,Rejected
413,Faster evolution of the Python Standard Library,Withdrawn
439,Inclusion of implicit pip bootstrap in Python installation,Rejected
411,Provisional packages in the Python standard library,Superseded
432,Restructuring the CPython startup sequence,Withdrawn
406,Improved Encapsulation of Import State,Withdrawn
402,Simplified Package Layout and Partitioning,Rejected
431,Time zone support improvements,Superseded
426,Metadata for Python Software Packages 2.0,Withdrawn
395,Qualified Names for Modules,Withdrawn
390,Static metadata for Distutils,Rejected
386,Changing the version comparison module in Distutils,Superseded
408,Standard library __preview__ package,Rejected
410,Use decimal.Decimal type for timestamps,Rejected
401,BDFL Retirement,April Fool!
381,Mirroring infrastructure for PyPI,Withdrawn
379,Adding an Assignment Expression,Withdrawn
369,Post import hooks,Withdrawn
396,Module Version Numbers,Withdrawn
364,Transitioning to the Py3K Standard Library,Withdrawn
363,Syntax For Dynamic Attribute Access,Rejected
382,Namespace Packages,Rejected
359,The “make” Statement,Withdrawn
354,Enumerations in Python,Superseded
367,New Super,Superseded
350,Codetags,Rejected
351,The freeze protocol,Rejected
355,Path - Object oriented filesystem paths,Rejected
348,Exception Reorganization for Python 3.0,Rejected
377,Allow __enter__() methods to skip the statement body,Rejected
344,Exception Chaining and Embedded Tracebacks,Superseded
365,Adding the pkg_resources module,Rejected
345,Metadata for Python Software Packages 1.2,Superseded
349,Allow str() to return unicode strings,Rejected
340,Anonymous Block Statements,Rejected
332,Byte vectors and String/Unicode Unification,Rejected
335,Overloadable Boolean Operators,Rejected
326,A Case for Top and Bottom Values,Rejected
329,Treating Builtins as Constants in the Standard Library,Rejected
325,Resource-Release Support for Generators,Rejected
346,User Defined (”,Withdrawn
321,Date/Time Parsing and Formatting,Withdrawn
319,Python Synchronize/Asynchronize Block,Rejected
317,Eliminate Implicit Exception Instantiation,Rejected
330,Python Bytecode Verification,Rejected
334,Simple Coroutines via SuspendIteration,Withdrawn
314,Metadata for Python Software Packages 1.1,Superseded
313,Adding Roman Numeral Literals to Python,Rejected
336,Make None Callable,Rejected
310,Reliable Acquisition/Release Pairs,Rejected
339,Design of the CPython Compiler,Withdrawn
303,Extend divmod() for Multiple Divisors,Rejected
298,The Locked Buffer Interface,Withdrawn
299,Special __main__() function in modules,Rejected
297,Support for System Upgrades,Rejected
315,Enhanced While Loop,Rejected
295,Interpretation of multiline string constants,Rejected
294,Type Names in the types Module,Rejected
291,Backward Compatibility for the Python 2 Standard Library,Superseded
306,How to Change Python’s Grammar,Withdrawn
304,Controlling Generation of Bytecode Files,Withdrawn
281,Loop Counter Iteration with range and xrange,Rejected
276,Simple Iterator for ints,Rejected
275,Switching on Multiple Values,Rejected
296,Adding a bytes Object Type,Withdrawn
288,Generators Attributes and Exceptions,Withdrawn
268,Extended HTTP functionality and WebDAV,Rejected
284,Integer for-loops,Rejected
266,Optimizing Global Variable/Attribute Access,Withdrawn
265,Sorting Dictionaries by Value,Rejected
256,Docstring Processing System Framework,Rejected
271,Prefixing sys.path by command line option,Rejected
258,Docutils Design Specification,Rejected
254,Making Classes Look More Like Types,Rejected
270,uniq method for list objects,Rejected
245,Python Interface Syntax,Rejected
242,Numeric Kinds,Withdrawn
244,The ,Rejected
262,A Database of Installed Python Packages,Rejected
259,Omit printing newline after newline,Rejected
240,Adding a Rational Literal to Python,Rejected
231,__findattr__(),Rejected
239,Adding a Rational Type to Python,Rejected
246,Object Adaptation,Rejected
243,Module Repository Upload Mechanism,Withdrawn
225,Elementwise/Objectwise Operators,Rejected
224,Attribute Docstrings,Rejected
220,"Coroutines, Generators, Continuations",Rejected
216,Docstring Format,Withdrawn
241,Metadata for Python Software Packages,Superseded
209,Multi-dimensional Arrays,Withdrawn
206,Python Advanced Library,Withdrawn
210,Decoupling the Interpreter Loop,Rejected
228,Reworking Python’s Numeric Model,Withdrawn
215,String Interpolation,Superseded
42,Feature Requests,Withdrawn
103,Collecting information about git,Withdrawn
102,Doing Python Micro Releases,Superseded
212,Loop Counter Iteration,Rejected
211,Adding A New Outer Product Operator,Rejected
3143,Standard daemon process library,Deferred
204,Range Literals,Rejected
3150,Statement local namespaces (aka “given” clause),Deferred
3124,"Overloading, Generic Functions, Interfaces, and Adaptation",Deferred
9,Sample Plaintext PEP Template,Withdrawn
774,Removing the LLVM requirement for JIT builds,Deferred
674,Disallow using macros as l-values,Deferred
556,Threaded garbage collection,Deferred
3,Guidelines for Handling Bug Reports,Withdrawn
535,Rich comparison chaining,Deferred
533,Deterministic cleanup for iterators,Deferred
532,A circuit breaking protocol and binary operators,Deferred
778,Supporting Symlinks in Wheels,Deferred
787,Safer subprocess usage using t-strings,Deferred
568,Generator-sensitivity for Context Variables,Deferred
499,,Deferred
491,The Wheel Binary Package Format 1.9,Deferred
447,Add __getdescriptor__ method to metaclass,Deferred
547,Running extension modules using the -m option,Deferred
444,Python Web3 Interface,Deferred
407,New release cycle and introducing long-term support versions,Deferred
403,General purpose decorator clause (aka “@in” clause),Deferred
400,Deprecate codecs.StreamReader and codecs.StreamWriter,Deferred
505,None-aware operators,Deferred
323,Copyable Iterators,Deferred
423,Naming conventions and recipes related to packaging,Deferred
316,Programming by Contract for Python,Deferred
419,Protecting cleanup statements from interruptions,Deferred
312,Simple Implicit Lambda,Deferred
269,Pgen Module for Python,Deferred
280,Optimizing access to globals,Deferred
267,Optimized Access to Module Namespaces,Deferred
368,Standard image protocol and class,Deferred
337,Logging Usage in the Standard Library,Deferred
222,Web Library Enhancements,Deferred
213,Attribute Access Handlers,Deferred
8001,Python Governance Voting Process,Final
3003,Python Language Moratorium,Final
286,Enhanced Argument Tuples,Deferred
3000,Python 3000,Final
3002,Procedure for Backwards-Incompatible Changes,Final
233,Python Online Help,Deferred
596,Python 3.9 Release Schedule,Final
219,Stackless Python,Deferred
569,Python 3.8 Release Schedule,Final
3100,Miscellaneous Python 3.0 Plans,Final
3099,Things that will Not Change in Python 3000,Final
541,Package Index Name Retention,Final
512,Migrating from hg.python.org to GitHub,Final
478,Python 3.5 Release Schedule,Final
449,Removal of the PyPI Mirror Auto Discovery and Naming Scheme,Final
464,Removal of the PyPI Mirror Authenticity API,Final
581,Using GitHub Issues for CPython,Final
438,Transitioning to release-file hosting on PyPI,Superseded
537,Python 3.7 Release Schedule,Final
404,Python 2.8 Un-release Schedule,Final
429,Python 3.4 Release Schedule,Final
385,Migrating from Subversion to Mercurial,Final
494,Python 3.6 Release Schedule,Final
470,Removing External Hosting Support on PyPI,Final
373,Python 2.7 Release Schedule,Final
374,Choosing a distributed VCS for the Python project,Final
361,Python 2.6 and 3.0 Release Schedule,Final
347,Migrating the Python CVS to Subversion,Final
320,Python 2.4 Release Schedule,Final
392,Python 3.2 Release Schedule,Final
398,Python 3.3 Release Schedule,Final
283,Python 2.3 Release Schedule,Final
375,Python 3.1 Release Schedule,Final
251,Python 2.2 Release Schedule,Final
226,Python 2.1 Release Schedule,Final
356,Python 2.5 Release Schedule,Final
360,Externally Maintained Packages,Final
6,Bug Fix Releases,Superseded
3156,Asynchronous IO Support Rebooted: the “asyncio” Module,Final
3155,Qualified name for classes and functions,Final
3149,ABI version tagged .so files,Final
3154,Pickle protocol version 4,Final
3151,Reworking the OS and IO exception hierarchy,Final
160,Python 1.6 Release Schedule,Final
3148,futures - execute computations asynchronously,Final
5,Guidelines for Language Evolution,Superseded
200,Python 2.0 Release Schedule,Final
3147,PYC Repository Directories,Final
3141,A Type Hierarchy for Numbers,Final
3144,IP Address Manipulation Library for the Python Standard Library,Final
3135,New Super,Final
3131,Supporting Non-ASCII Identifiers,Final
3123,Making PyObject_HEAD conform to standard C,Final
3127,Integer Literal Support and Syntax,Final
3121,Extension Module Initialization and Finalization,Final
3138,String representation in Python 3000,Final
3137,Immutable Bytes and Mutable Buffer,Final
3120,Using UTF-8 as the default source encoding,Final
3134,Exception Chaining and Embedded Tracebacks,Final
3119,Introducing Abstract Base Classes,Final
3118,Revising the buffer protocol,Final
3114,Renaming iterator.next() to iterator.__next__(),Final
3129,Class Decorators,Final
3132,Extended Iterable Unpacking,Final
3112,Bytes literals in Python 3000,Final
3111,Simple input built-in in Python 3000,Final
3108,Standard Library Reorganization,Final
3107,Function Annotations,Final
3116,New I/O,Final
3106,"Revamping dict.keys(), .values() and .items()",Final
3113,Removal of Tuple Parameter Unpacking,Final
3105,Make print a function,Final
3115,Metaclasses in Python 3000,Final
3104,Access to Names in Outer Scopes,Final
3110,Catching Exceptions in Python 3000,Final
3101,Advanced String Formatting,Final
815,Deprecate ,Final
3109,Raising Exceptions in Python 3000,Final
814,Add frozendict built-in type,Final
792,Project status markers in the simple index,Final
782,Add PyBytesWriter C API,Final
788,Protecting the C API from Interpreter Finalization,Final
3102,Keyword-Only Arguments,Final
768,Safe external debugger interface for CPython,Final
765,Disallow return/break/continue that exit a finally block,Final
831,Frame Pointers Everywhere: Enabling System-Level Observability for Python,Final
791,math.integer — submodule for integer-specific mathematics functions,Final
784,Adding Zstandard to the standard library,Final
779,Criteria for supported status for free-threaded Python,Final
750,Template Strings,Final
751,A file format to record Python dependencies for installation reproducibility,Final
758,Allow ,Final
740,Index support for digital attestations,Final
757,C API to import-export Python integers,Final
737,C API to format a type fully qualified name,Final
738,Adding Android as a supported platform,Final
735,Dependency Groups in pyproject.toml,Final
749,Implementing PEP 649,Final
747,Annotating Type Forms,Final
730,Adding iOS as a supported platform,Final
741,Python Configuration C API,Final
742,Narrowing types with TypeIs,Final
715,Disabling bdist_egg distribution uploads on PyPI,Final
723,Inline script metadata,Final
706,Filter for tarfile.extractall,Final
700,Additional Fields for the Simple API for Package Indexes,Final
734,Multiple Interpreters in the Stdlib,Final
697,Limited C API for Extending Opaque Types,Final
721,Using tarfile.data_filter for source distribution extraction,Final
695,Type Parameter Syntax,Final
709,Inlined comprehensions,Final
702,Marking deprecations using the type system,Final
705,TypedDict: Read-only items,Final
698,Override Decorator for Static Typing,Final
688,Making the buffer protocol accessible in Python,Final
686,Make UTF-8 mode default,Final
685,Comparison of extra names for optional distribution dependencies,Final
683,"Immortal Objects, Using a Fixed Refcount",Final
682,Format Specifier for Signed Zero,Final
692,Using TypedDict for more precise **kwargs typing,Final
680,tomllib: Support for Parsing TOML in the Standard Library,Final
681,Data Class Transforms,Final
675,Arbitrary Literal String Type,Final
669,Low Impact Monitoring for CPython,Final
689,Unstable C API tier,Final
673,Self Type,Final
667,Consistent views of namespaces,Final
684,A Per-Interpreter GIL,Final
661,Sentinel Values,Final
678,Enriching Exceptions with Notes,Final
657,Include Fine Grained Error Locations in Tracebacks,Final
656,Platform Tag for Linux Distributions Using Musl,Final
655,Marking individual TypedDict items as required or potentially-missing,Final
670,Convert macros to functions in the Python C API,Final
652,Maintaining the Stable ABI,Final
647,User-Defined Type Guards,Final
649,Deferred Evaluation Of Annotations Using Descriptors,Final
644,Require OpenSSL 1.1.1 or newer,Final
660,Editable installs for pyproject.toml based builds (wheel based),Final
634,Structural Pattern Matching: Specification,Final
639,Improving License Clarity with Better Package Metadata,Final
632,Deprecate distutils module,Final
654,Exception Groups and except*,Final
629,Versioning PyPI’s Simple API,Final
627,Recording installed projects,Final
626,Precise line numbers for debugging and other tools.,Final
646,Variadic Generics,Final
624,Remove Py_UNICODE encoder APIs,Final
643,Metadata for Package Source Distributions,Final
621,Storing project metadata in pyproject.toml,Final
618,Add Optional Length-Checking To zip,Final
616,String methods to remove prefixes and suffixes,Final
628,Add ,Final
625,Filename of a Source Distribution,Final
613,Explicit Type Aliases,Final
614,Relaxing Grammar Restrictions On Decorators,Final
612,Parameter Specification Variables,Final
623,Remove wstr from Unicode,Final
600,Future ‘manylinux’ Platform Tags for Portable Linux Built Distributions,Final
597,Add optional EncodingWarning,Final
617,New PEG parser for CPython,Final
594,Removing dead batteries from the standard library,Final
615,Support for the IANA Time Zone Database in the Standard Library,Final
592,Adding “Yank” Support to the Simple API,Final
591,Adding a final qualifier to typing,Final
589,TypedDict: Type Hints for Dictionaries with a Fixed Set of Keys,Final
590,Vectorcall: a fast calling protocol for CPython,Final
610,Recording the Direct URL Origin of installed distributions,Final
604,Allow writing union types as ,Final
586,Literal Types,Final
585,Type Hinting Generics In Standard Collections,Final
593,Flexible function and variable annotations,Final
584,Add Union Operators To dict,Final
573,Module State Access from C Extension Methods,Final
570,Python Positional-Only Parameters,Final
572,Assignment Expressions,Final
566,Metadata for Python Software Packages 2.1,Final
587,Python Initialization Configuration,Final
564,Add new time functions with nanosecond resolution,Final
578,Python Runtime Audit Hooks,Final
562,Module __getattr__ and __dir__,Final
574,Pickle protocol 5 with out-of-band data,Final
567,Context Variables,Final
557,Data Classes,Final
552,Deterministic pycs,Final
561,Distributing and Packaging Type Information,Final
565,Show DeprecationWarning in __main__,Final
560,Core support for typing module and generic types,Final
539,A New C-API for Thread-Local Storage in CPython,Final
538,Coercing the legacy C locale to a UTF-8 based locale,Final
530,Asynchronous Comprehensions,Final
553,Built-in breakpoint(),Final
544,Protocols: Structural subtyping (static duck typing),Final
527,Removing Un(der)used file types/extensions on PyPI,Final
525,Asynchronous Generators,Final
526,Syntax for Variable Annotations,Final
520,Preserving Class Attribute Definition Order,Final
540,Add a new UTF-8 Mode,Final
529,Change Windows filesystem encoding to UTF-8,Final
518,Specifying Minimum Build System Requirements for Python Projects,Final
519,Adding a file system path protocol,Final
528,Change Windows console encoding to UTF-8,Final
517,A build-system independent format for source trees,Final
506,Adding A Secrets Module To The Standard Library,Final
523,Adding a frame evaluation API to CPython,Final
524,Make os.urandom() blocking on Linux,Final
495,Local Time Disambiguation,Final
493,HTTPS verification migration tools for Python 2.7,Final
489,Multi-phase extension module initialization,Final
488,Elimination of PYO files,Final
508,Dependency specification for Python Software Packages,Final
498,Literal String Interpolation,Final
503,Simple Repository API,Final
515,Underscores in Numeric Literals,Final
487,Simpler customisation of class creation,Final
485,A Function for testing approximate equality,Final
477,Backport ensurepip (PEP 453) to Python 2.7,Final
475,Retry system calls failing with EINTR,Final
492,Coroutines with async and await syntax,Final
471,os.scandir() function – a better and faster directory iterator,Final
466,Network Security Enhancements for Python 2.7.x,Final
468,Preserving the order of **kwargs in a function.,Final
486,Make the Python Launcher aware of virtual environments,Final
476,Enabling certificate verification by default for stdlib http clients,Final
479,Change StopIteration handling inside generators,Final
484,Type Hints,Final
461,Adding % formatting to bytes and bytearray,Final
456,Secure and interchangeable hash algorithm,Final
454,Add a new tracemalloc module to trace Python memory allocations,Final
451,A ModuleSpec Type for the Import System,Final
446,Make newly created file descriptors non-inheritable,Final
465,A dedicated infix operator for matrix multiplication,Final
445,Add new APIs to customize Python memory allocators,Final
443,Single-dispatch generic functions,Final
441,Improving Python ZIP Application Support,Final
453,Explicit bootstrapping of pip in Python installations,Final
436,The Argument Clinic DSL,Final
435,Adding an Enum type to the Python standard library,Final
450,Adding A Statistics Module To The Standard Library,Final
448,Additional Unpacking Generalizations,Final
428,The pathlib module – object-oriented filesystem paths,Final
424,A method for exposing a length hint,Final
442,Safe object finalization,Final
440,Version Identification and Dependency Specification,Final
418,"Add monotonic time, performance counter, and process time functions",Final
417,Including mock in the Standard Library,Final
427,The Wheel Binary Package Format 1.0,Final
425,Compatibility Tags for Built Distributions,Final
412,Key-Sharing Dictionary,Final
409,Suppressing exception context,Final
421,Adding sys.implementation,Final
420,Implicit Namespace Packages,Final
393,Flexible String Representation,Final
397,Python launcher for Windows,Final
389,argparse - New Command Line Parsing Module,Final
391,Dictionary-Based Configuration For Logging,Final
414,Explicit Unicode Literal for Python 3.3,Final
415,Implement context suppression with exception attributes,Final
380,Syntax for Delegating to a Subgenerator,Final
383,Non-decodable Bytes in System Character Interfaces,Final
376,Database of Installed Python Distributions,Final
405,Python Virtual Environments,Final
384,Defining a Stable ABI,Final
370,Per user site-packages directory,Final
366,Main module explicit relative imports,Final
362,Function Signature Object,Final
378,Format Specifier for Thousands Separator,Final
372,Adding an ordered dictionary to collections,Final
353,Using ssize_t as the index type,Final
352,Required Superclass for Exceptions,Final
371,Addition of the multiprocessing package to the standard library,Final
343,The “with” Statement,Final
331,Locale-Independent Float/String Conversions,Final
338,Executing modules as scripts,Final
358,The “bytes” Object,Final
327,Decimal Data Type,Final
357,Allowing Any Object to be Used for Slicing,Final
322,Reverse Iteration,Final
324,subprocess - New process module,Final
342,Coroutines via Enhanced Generators,Final
311,Simplified Global Interpreter Lock Acquisition for Extensions,Final
308,Conditional Expressions,Final
307,Extensions to the pickle protocol,Final
328,Imports: Multi-Line and Absolute/Relative,Final
341,Unifying try-except and try-finally,Final
305,CSV File API,Final
318,Decorators for Functions and Methods,Final
293,Codec Error Handling Callbacks,Final
301,Package Index and Metadata for Distutils,Final
309,Partial Function Application,Final
285,Adding a bool type,Final
278,Universal Newline Support,Final
282,A Logging System,Final
302,New Import Hooks,Final
274,Dict Comprehensions,Final
292,Simpler String Substitutions,Final
289,Generator Expressions,Final
273,Import Modules from Zip Archives,Final
264,Future statements in simulated shells,Final
261,Support for “wide” Unicode characters,Final
279,The enumerate() built-in function,Final
252,Making Types Look More Like Classes,Final
253,Subtyping Built-in Types,Final
277,Unicode file name support for Windows NT,Final
236,Back to the __future__,Final
237,Unifying Long Integers and Integers,Final
263,Defining Python Source Code Encodings,Final
260,Simplify xrange(),Final
234,Iterators,Final
232,Function Attributes,Final
250,Using site-packages on Windows,Final
238,Changing the Division Operator,Final
255,Simple Generators,Final
227,Statically Nested Scopes,Final
223,Change the Meaning of ,Final
235,Import on Case-Insensitive Platforms,Final
214,Extended Print Statement,Final
208,Reworking the Coercion Model,Final
230,Warning Framework,Final
205,Weak References,Final
203,Augmented Assignments,Final
207,Rich Comparisons,Final
229,Using Distutils to Build Python,Final
221,Import As,Final
217,Display Hook for Interactive Use,Final
218,Adding a Built-In Set Object Type,Final
833,Freezing the HTML simple repository API,Draft
201,Lockstep Iteration,Final
202,List Comprehensions,Final
827,Type Manipulation,Draft
825,Wheel Variants: Package Format,Draft
822,Dedented Multiline String (d-string),Draft
830,Add timestamps to exceptions and tracebacks,Draft
818,Adding the Core of the Pyodide Foreign Function Interface to Python,Draft
100,Python Unicode Integration,Final
817,Wheel Variants: Beyond Platform Tags,Draft
828,Supporting ‘yield from’ in asynchronous generators,Draft
813,The Pretty Print Protocol,Draft
832,Virtual environment discovery,Draft
809,Stable ABI for the Future,Draft
807,Index support for Trusted Publishing,Draft
802,Display Syntax for the Empty Set,Draft
821,Support for unpacking TypedDicts in Callable type hints,Draft
819,JSON Package Metadata,Draft
789,Preventing task-cancellation bugs by limiting yield in async generators,Draft
786,Precision and modulo-precision flag format specifiers for integer fields,Draft
785,New methods for easier handling of ,Draft
808,Including static values in dynamic metadata,Draft
797,Shared Object Proxies,Draft
777,How to Re-invent the Wheel,Draft
771,Default Extras for Python Software Packages,Draft
767,Annotating Read-Only Attributes,Draft
781,Make ,Draft
752,Implicit namespaces for package repositories,Draft
780,ABI features as environment markers,Draft
755,Implicit namespace policy for PyPI,Draft
804,An external dependency registry and name mapping mechanism,Draft
744,JIT Compilation,Draft
766,Explicit Priority Choices Among Multiple Indexes,Draft
720,Cross-compiling Python packages,Draft
764,Inline typed dictionaries,Draft
748,A Unified TLS API for Python,Draft
694,Upload 2.0 API for Python Package Indexes,Draft
746,Type checking Annotated metadata,Draft
718,Subscriptable functions,Draft
638,Syntactic Macros,Draft
653,Precise Semantics for Pattern Matching,Draft
671,Syntax for late-bound function argument defaults,Draft
725,Specifying external dependencies in pyproject.toml,Draft
467,Minor API improvements for binary sequences,Draft
710,Recording the provenance of installed packages,Draft
711,PyBI: a standard format for distributing Python Binaries,Draft
603,Adding a frozenmap type to collections,Draft
810,Explicit lazy imports,Accepted
799,A dedicated ,Accepted
829,Package Startup Configuration Files,Accepted
794,Import Name Metadata,Accepted
820,PySlot: Unified slot system for the C API,Accepted
793,PyModExport: A new entry point for C extension modules,Accepted
803,“abi3t”: Stable ABI for Free-Threaded Builds,Accepted
783,Emscripten Packaging,Accepted
480,Surviving a Compromise of PyPI: End-to-end signing of packages,Draft
773,A Python Installation Manager for Windows,Accepted
800,Disjoint bases in the type system,Accepted
8105,2024 Term Steering Council election,Final
8102,2021 Term Steering Council election,Final
798,Unpacking in Comprehensions,Accepted
8101,2020 Term Steering Council election,Final
8100,January 2019 Steering Council election,Final
8016,The Steering Council Model,Accepted
8002,Open Source Governance Survey,Final
8000,Python Language Governance Proposal Overview,Final
8106,2025 Term Steering Council election,Final
8103,2022 Term Steering Council election,Final
816,WASI Support,Active
801,Reserved,Active
8104,2023 Term Steering Council election,Final
762,REPL-acing the default REPL,Final
745,Python 3.14 Release Schedule,Active
3333,Python Web Server Gateway Interface v1.0.1,Final
719,Python 3.13 Release Schedule,Active
733,An Evaluation of Python’s Public C API,Final
826,Python 3.16 Release Schedule,Active
790,Python 3.15 Release Schedule,Active
672,Unicode-related Security Considerations for Python,Active
636,Structural Pattern Matching: Tutorial,Final
776,Emscripten Support,Active
630,Isolating Extension Modules,Final
619,Python 3.10 Release Schedule,Active
607,Reducing CPython’s Feature Delivery Latency,Final
693,Python 3.12 Release Schedule,Active
579,Refactoring C functions and methods,Final
514,Python registration in the Windows registry,Active
664,Python 3.11 Release Schedule,Active
659,Specializing Adaptive Interpreter,Final
483,The Theory of Type Hints,Final
452,API for Cryptographic Hash Functions v2.0,Final
457,Notation For Positional-Only Parameters,Final
399,Pure Python/C Accelerator Module Compatibility Requirements,Final
394,The “python” Command on Unix-Like Systems,Active
333,Python Web Server Gateway Interface v1.0,Final
482,Literature Overview for Type Hints,Final
290,Code Migration and Modernization,Active
434,IDLE Enhancement Exception for All Branches,Active
588,GitHub Issues Migration Plan,Final
287,reStructuredText Docstring Format,Active
272,API for Block Encryption Algorithms v1.0,Final
635,Structural Pattern Matching: Motivation and Rationale,Final
257,Docstring Conventions,Active
430,Migrating to Python 3 as the default online documentation,Final
249,Python Database API Specification v2.0,Final
101,Doing Python Releases 101,Active
20,The Zen of Python,Active
811,Defining Python Security Response Team membership and responsibilities,Active
732,The Python Documentation Editorial Board,Active
731,C API Working Group Charter,Active
729,Typing governance process,Active
609,Python Packaging Authority (PyPA) Governance,Active
247,API for Cryptographic Hash Functions,Final
248,Python Database API Specification v1.0,Final
545,Python Documentation Translations,Active
772,Packaging Council governance process,Accepted
387,Backwards Compatibility Policy,Active
11,CPython platform support,Active
761,Deprecating PGP signatures for CPython artifacts,Active
676,PEP Infrastructure Process,Active
602,Annual Release Cycle for Python,Active
8,Style Guide for Python Code,Active
7,Style Guide for C Code,Active
4,Deprecation of Standard Modules,Active
13,Python Language Governance,Active
12,Sample reStructuredText PEP Template,Active
10,Voting Guidelines,Active
